Workbook

Sheet Tong quan
A1: KẾ HOẠCH TRIỂN KHAI TIỀN GIÁM ĐỊNH HỒ SƠ XML 3176 — BỆNH VIỆN XUYÊN Á
A2: Căn cứ: Tài liệu tổng hợp XML3176 & Order-Check (mục 5, 9, 10), Quy trình vận hành XML 3176, deck Giới thiệu Tiền giám định. Phạm vi: module XML 3176 (nạp – kiểm lỗi – tra thẻ – ký số; gửi cổng TẮT trong thời gian chạy thử).
A4: CÁCH DÙNG BẢNG
A5: • Ô nền vàng chữ xanh = ô cần nhập. Mọi ngày tháng trong các sheet tự tính từ ô "Ngày N" bên dưới.
A6: • Ngày N = ngày Công ty nhận ĐỦ thông tin BV chuyển giao (đủ mọi dòng "Bắt buộc" ở sheet BV chuan bi ở trạng thái Xong).
A7: • Cột Trạng thái chọn: Chưa làm / Đang làm / Xong / Vướng. Bảng tiến độ bên dưới tự đếm.
A8: • Ngày làm việc tính bằng WORKDAY (bỏ thứ Bảy, Chủ nhật; chưa trừ ngày lễ — nếu trùng lễ, dời Ngày N).
A11: Ngày N (nhận đủ thông tin) | B11: 46328 | E11: ← ví dụ, thay bằng ngày thực tế
A13: Giai đoạn | B13: Bắt đầu | C13: Kết thúc | D13: Số ngày | E13: Kết quả đầu ra
A14: 0. BV chuẩn bị (điều kiện tiên quyết) | B14: Trước Ngày N | C14: =WORKDAY(B11,-1) -> 46325 | E14: Máy chủ, mạng, tài khoản cổng BHXH, ký số, danh mục, nhân sự sẵn sàng — xem sheet BV chuan bi
A15: 1. Ngày 1 — Cài đặt hạ tầng | B15: =B11 -> 46328 | C15: =B15 -> 46328 | D15: =NETWORKDAYS(B15,C15) -> 1 | E15: Phần mềm chạy trên máy chủ BV; đủ dịch vụ hàng đợi; kết nối cổng BHXH, ký số thử thành công
A16: 2. Ngày 2 — Danh mục & cấu hình | B16: =WORKDAY(B11,1) -> 46329 | C16: =B16 -> 46329 | D16: =NETWORKDAYS(B16,C16) -> 1 | E16: Đủ 13 bộ danh mục; cấu hình cơ sở KCB; danh mục mã lỗi đã duyệt mức; chạy lô hồ sơ mẫu
A17: 3. Ngày 3 — Đào tạo & đưa vào chạy thử | B17: =WORKDAY(B11,2) -> 46330 | C17: =B17 -> 46330 | D17: =NETWORKDAYS(B17,C17) -> 1 | E17: Người dùng được đào tạo; quy trình vận hành ban hành; biên bản bắt đầu chạy thử
A18: 4. Chạy thử 1 tháng (song song quy trình cũ) | B18: =WORKDAY(B11,3) -> 46331 | C18: =EDATE(B18,1)-1 -> 46360 | D18: =C18-B18+1 -> 30 | E18: Số liệu 4 tuần; danh mục và mức lỗi đã hiệu chỉnh; báo cáo tuần
A19: 5. Đánh giá & quyết định | B19: =WORKDAY(C18,1) -> 46363 | C19: =WORKDAY(C18,3) -> 46365 | D19: =NETWORKDAYS(B19,C19) -> 3 | E19: Bảng đánh giá (sheet Danh gia) + biên bản: Đạt → bật gửi cổng/nhân rộng; Chưa đạt → kéo dài, khắc phục
A21: TIẾN ĐỘ (tự đếm theo cột Trạng thái)
A22: Sheet | B22: Tổng việc | C22: Xong | D22: Vướng | E22: % hoàn thành
A23: BV chuan bi | B23: =COUNTA('BV chuan bi'!H5:H31) -> 22 | C23: =COUNTIF('BV chuan bi'!H5:H31,"Xong") -> 0 | D23: =COUNTIF('BV chuan bi'!H5:H31,"Vướng") -> 0 | E23: =IF(B23=0,0,C23/B23) -> 0
A24: Danh muc | B24: =COUNTA('Danh muc'!H5:H17) -> 13 | C24: =COUNTIF('Danh muc'!H5:H17,"Xong") -> 0 | D24: =COUNTIF('Danh muc'!H5:H17,"Vướng") -> 0 | E24: =IF(B24=0,0,C24/B24) -> 0
A25: Cau hinh | B25: =COUNTA('Cau hinh'!G5:G27) -> 23 | C25: =COUNTIF('Cau hinh'!G5:G27,"Xong") -> 0 | D25: =COUNTIF('Cau hinh'!G5:G27,"Vướng") -> 0 | E25: =IF(B25=0,0,C25/B25) -> 0
A26: Trien khai 3 ngay | B26: =COUNTA('Trien khai 3 ngay'!H5:H29) -> 22 | C26: =COUNTIF('Trien khai 3 ngay'!H5:H29,"Xong") -> 0 | D26: =COUNTIF('Trien khai 3 ngay'!H5:H29,"Vướng") -> 0 | E26: =IF(B26=0,0,C26/B26) -> 0
A27: Chay thu 1 thang | B27: =COUNTA('Chay thu 1 thang'!H5:H17) -> 13 | C27: =COUNTIF('Chay thu 1 thang'!H5:H17,"Xong") -> 0 | D27: =COUNTIF('Chay thu 1 thang'!H5:H17,"Vướng") -> 0 | E27: =IF(B27=0,0,C27/B27) -> 0
A29: Kết luận đánh giá (từ sheet Danh gia) | B29: ='Danh gia'!D26 -> CHƯA ĐỦ SỐ LIỆU — còn 7 chỉ số bắt buộc chưa đo

Sheet BV chuan bi
A1: DANH MỤC BỆNH VIỆN CẦN CHUẨN BỊ TRƯỚC NGÀY N
A2: Đủ các dòng "Bắt buộc" thì mới tính Ngày N. Thông tin bí mật (mật khẩu cổng, mã PIN token) KHÔNG ghi vào tệp này — bàn giao trực tiếp cho cán bộ cài đặt.
A4: STT | B4: Nhóm | C4: Hạng mục | D4: Yêu cầu chi tiết | E4: BV phụ trách | F4: Bắt buộc | G4: Hạn | H4: Trạng thái | I4: Ghi chú / căn cứ
B5: A. MÁY CHỦ
A6: 1 | B6: Máy Chủ | C6: Máy chủ ứng dụng | D6: Windows Server 2016 trở lên (khuyến nghị — các dịch vụ chạy nền cài bằng nssm). Tối thiểu 4 vCPU / 8 GB RAM / SSD 200 GB; khuyến nghị 8 vCPU / 16 GB RAM / SSD 500 GB cho BV hạng I. | E6: CNTT | F6: Có | G6: =WORKDAY('Tong quan'!$B$11,-1) -> 46325 | H6: Chưa làm | I6: Giả định cấu hình theo khối lượng hồ sơ BV hạng I; một lần xuất danh sách lỗi ngày lớn cần ~2,5 GB RAM (Quy trình vận hành, Phụ lục B).
A7: 2 | B7: Máy Chủ | C7: Phần mềm nền | D7: PHP 7.4 (memory_limit ≥ 512M, max_execution_time ≥ 600), MySQL 8.0, Redis 6, IIS/Nginx/Apache; quyền quản trị (Administrator) để cài dịch vụ. | E7: CNTT | F7: Có | G7: =WORKDAY('Tong quan'!$B$11,-1) -> 46325 | H7: Chưa làm | I7: config/xml3176.php: import_time_limit 600 s, import_memory_limit 512M. Kinh nghiệm: PHP 128MB/120s làm hỏng nạp và xuất.
A8: 3 | B8: Máy Chủ | C8: Truy cập từ xa | D8: Tài khoản Remote Desktop/VPN cho Công ty trong 3 ngày triển khai và 1 tháng chạy thử. | E8: CNTT | F8: Có | G8: =WORKDAY('Tong quan'!$B$11,-1) -> 46325 | H8: Chưa làm
A9: 4 | B9: Máy Chủ | C9: Sao lưu | D9: Lịch sao lưu CSDL qlbv hằng ngày; nơi lưu bản sao lưu ngoài máy chủ. | E9: CNTT | F9: Không | G9: =WORKDAY('Tong quan'!$B$11,-1) -> 46325 | H9: Chưa làm
B10: B. MẠNG & KẾT NỐI
A11: 5 | B11: Mạng & Kết Nối | C11: Truy cập nội bộ | D11: Địa chỉ IP/tên miền nội bộ cho máy chủ; người dùng các khoa, phòng truy cập được bằng trình duyệt. | E11: CNTT | F11: Có | G11: =WORKDAY('Tong quan'!$B$11,-1) -> 46325 | H11: Chưa làm
A12: 6 | B12: Mạng & Kết Nối | C12: Ra Internet tới cổng BHXH | D12: Máy chủ gọi được HTTPS (443) tới Cổng giám định BHXH (lấy token, tra thẻ, gửi hồ sơ). | E12: CNTT | F12: Có | G12: =WORKDAY('Tong quan'!$B$11,-1) -> 46325 | H12: Chưa làm | I12: Kết nối ra ngoài duy nhất là cổng BHXH (deck giới thiệu, slide An toàn).
A13: 7 | B13: Mạng & Kết Nối | C13: Thư mục nhận XML từ HIS | D13: Thư mục chia sẻ mà HIS xuất tệp XML 3176 vào (ví dụ D:\XML\3176); máy chủ có quyền đọc + xoá tệp sau khi nạp. | E13: CNTT + Nhà cung cấp HIS | F13: Có | G13: =WORKDAY('Tong quan'!$B$11,-1) -> 46325 | H13: Chưa làm | I13: Lệnh xml3176import:day quét thư mục, nạp xong xoá tệp gốc; tệp hỏng chuyển vào thư mục con "loi".
A14: 8 | B14: Mạng & Kết Nối | C14: Thư mục xuất XML đã ký | D14: Thư mục lưu XML đã xuất/ký (ví dụ D:\XML\ExportXml3176). | E14: CNTT | F14: Có | G14: =WORKDAY('Tong quan'!$B$11,-1) -> 46325 | H14: Chưa làm
A15: 9 | B15: Mạng & Kết Nối | C15: Máy chủ mail (SMTP) | D15: Tài khoản SMTP để gửi email báo lỗi hằng ngày. | E15: CNTT | F15: Không | G15: =WORKDAY('Tong quan'!$B$11,-1) -> 46325 | H15: Chưa làm | I15: Bảng email_receive_report.
B16: C. HIS & DỮ LIỆU
A17: 10 | B17: His & Dữ Liệu | C17: HIS xuất XML 3176 | D17: HIS xuất được đủ XML1–XML15 theo QĐ 3176 cho hồ sơ BHYT; xác nhận thời điểm xuất (khi ra viện / khi duyệt khoá viện phí). | E17: Nhà cung cấp HIS | F17: Có | G17: =WORKDAY('Tong quan'!$B$11,-1) -> 46325 | H17: Chưa làm | I17: Module XML3176 dùng được với mọi HIS vì chỉ nhận tệp chuẩn.
A18: 11 | B18: His & Dữ Liệu | C18: Bộ hồ sơ mẫu | D18: Tệp XML của ít nhất 1 ngày ra viện (ngoại trú + nội trú) và kết quả giám định cổng của các hồ sơ đó để đối chiếu. | E18: P. BHYT / Giám định | F18: Có | G18: =WORKDAY('Tong quan'!$B$11,-1) -> 46325 | H18: Chưa làm | I18: Dùng ở Ngày 2 và làm số liệu nền.
A19: 12 | B19: His & Dữ Liệu | C19: Số liệu nền (baseline) | D19: Số hồ sơ gửi cổng/tháng, số hồ sơ bị cổng trả về, số tiền xuất toán của 3 tháng gần nhất. | E19: P. BHYT / Giám định | F19: Có | G19: =WORKDAY('Tong quan'!$B$11,-1) -> 46325 | H19: Chưa làm | I19: Để so sánh khi đánh giá.
A20: 13 | B20: His & Dữ Liệu | C20: Tài khoản đọc CSDL HIS | D20: Chỉ cần nếu sau này triển khai Kiểm sai sót y lệnh; không bắt buộc cho XML 3176. | E20: CNTT | F20: Không | G20: =WORKDAY('Tong quan'!$B$11,-1) -> 46325 | H20: Chưa làm | I20: Ngoài phạm vi đợt này.
B21: D. CỔNG BHXH & KÝ SỐ
A22: 14 | B22: Cổng Bhxh & Ký Số | C22: Mã cơ sở KCB | D22: Mã CSKCB của BV và các cơ sở trực thuộc (nếu có). Mã tỉnh tự lấy từ 2 ký tự đầu. | E22: P. BHYT | F22: Có | G22: =WORKDAY('Tong quan'!$B$11,-1) -> 46325 | H22: Chưa làm | I22: config organization.BHYT_CO_SO — mỗi cơ sở một tài khoản.
A23: 15 | B23: Cổng Bhxh & Ký Số | C23: Tài khoản cổng giám định | D23: Tên đăng nhập + mật khẩu cổng cho từng cơ sở; họ tên và CCCD cán bộ tra cứu thẻ. | E23: P. BHYT | F23: Có | G23: =WORKDAY('Tong quan'!$B$11,-1) -> 46325 | H23: Chưa làm | I23: Bàn giao trực tiếp, không ghi vào tệp.
A24: 16 | B24: Cổng Bhxh & Ký Số | C24: Danh sách mã ĐKBĐ đúng tuyến | D24: Mã nơi đăng ký KCB ban đầu được coi là đúng tuyến. | E24: P. BHYT | F24: Có | G24: =WORKDAY('Tong quan'!$B$11,-1) -> 46325 | H24: Chưa làm | I24: organization.correct_facility_code.
A25: 17 | B25: Cổng Bhxh & Ký Số | C25: Chứng thư số | D25: USB Token cắm cố định vào máy chủ (kèm driver, mã PIN) hoặc thông tin kết nối HSM. | E25: CNTT + Lãnh đạo | F25: Có | G25: =WORKDAY('Tong quan'!$B$11,-1) -> 46325 | H25: Chưa làm | I25: Rút token = mọi hồ sơ dừng ở bước ký.
B26: E. NHÂN SỰ & TỔ CHỨC
A27: 18 | B27: Nhân Sự & Tổ Chức | C27: Quyết định tổ triển khai | D27: Lãnh đạo bảo trợ; đầu mối KHTH/P. BHYT (chủ trì); 1 người phụ trách danh mục BHYT; 1 cán bộ CNTT. | E27: Ban Giám đốc | F27: Có | G27: =WORKDAY('Tong quan'!$B$11,-1) -> 46325 | H27: Chưa làm | I27: Tài liệu tổng hợp mục 7; deck giới thiệu slide Đề xuất.
A28: 19 | B28: Nhân Sự & Tổ Chức | C28: Danh sách người dùng | D28: Họ tên, khoa/phòng, vai trò, email của người được cấp tài khoản (P. BHYT, KHTH, TCKT, CNTT, đầu mối khoa). | E28: P. BHYT | F28: Có | G28: =WORKDAY('Tong quan'!$B$11,-1) -> 46325 | H28: Chưa làm | I28: Quyền màn hình XML 3176: role xml-man.
A29: 20 | B29: Nhân Sự & Tổ Chức | C29: Lịch đào tạo Ngày 3 | D29: Phòng họp có máy chiếu + máy tính truy cập phần mềm; triệu tập học viên theo 4 nhóm. | E29: KHTH | F29: Có | G29: =WORKDAY('Tong quan'!$B$11,-1) -> 46325 | H29: Chưa làm
A30: 21 | B30: Nhân Sự & Tổ Chức | C30: Chủ sở hữu danh mục mã lỗi | D30: Chỉ định người duyệt mức Nghiêm trọng/Cảnh báo của từng mã lỗi. | E30: P. BHYT | F30: Có | G30: =WORKDAY('Tong quan'!$B$11,-1) -> 46325 | H30: Chưa làm | I30: Tài liệu tổng hợp mục 8.
A31: 22 | B31: Nhân Sự & Tổ Chức | C31: Danh mục khoa phòng | D31: Danh sách mã khoa trên HIS, khoa không kiểm giường/không đối chiếu thuốc (nếu có). | E31: KHTH | F31: Không | G31: =WORKDAY('Tong quan'!$B$11,-1) -> 46325 | H31: Chưa làm | I31: organization.exclude_department, xml3176.drug_exclude_department.
C33: Số mục Bắt buộc chưa Xong: | D33: =COUNTIFS(F5:F31,"Có",H5:H31,"<>Xong") -> 18
C34: Đủ điều kiện tính Ngày N? | D34: =IF(D33=0,"ĐỦ — chốt Ngày N","CHƯA — còn "&D33&" mục bắt buộc") -> CHƯA — còn 18 mục bắt buộc

Sheet Danh muc
A1: DANH MỤC BHYT CẦN NẠP (13 bộ — config/danh_muc_bhyt.php)
A2: Danh mục thiếu hoặc sai ngày hiệu lực sinh lỗi giả hàng loạt (đã đo: 3 danh mục rỗng → ~36.100 vi phạm giả). Tệp tải thẳng từ cổng BHXH có tiêu đề ở dòng 5, không nhập trực tiếp được — phải chuyển về biểu mẫu nhập của phần mềm.
A4: STT | B4: Danh mục | C4: Theo cơ sở KCB | D4: Nguồn | E4: Kiểm tra sau khi nạp | F4: BV cung cấp | G4: Công ty nạp | H4: Trạng thái | I4: Ghi chú
A5: 1 | B5: DM thuốc BHYT | C5: Có | D5: Danh mục thuốc BV đã được BHXH duyệt (cổng giám định) — gồm số đăng ký, hàm lượng, giá, thông tin thầu | E5: Số dòng khớp cổng; còn hiệu lực; mã thuốc trong hồ sơ mẫu đều tra ra | F5: =WORKDAY('Tong quan'!$B$11,-1) -> 46325 | G5: =WORKDAY('Tong quan'!$B$11,1) -> 46329 | H5: Chưa làm | I5: Hàm lượng/thầu sai là nguyên nhân lớn nhất của báo nhầm "sai thầu".
A6: 2 | B6: DM Vật tư y tế | C6: Có | D6: Danh mục VTYT đã duyệt trên cổng | E6: Số dòng; hiệu lực; mã VTYT trong hồ sơ mẫu tra ra | F6: =WORKDAY('Tong quan'!$B$11,-1) -> 46325 | G6: =WORKDAY('Tong quan'!$B$11,1) -> 46329 | H6: Chưa làm
A7: 3 | B7: DM Dịch vụ kỹ thuật | C7: Có | D7: Danh mục DVKT đã duyệt trên cổng (kể cả mã có hậu tố _GT/_BS) | E7: Số dòng; giá; hiệu lực; mã DVKT trong hồ sơ mẫu tra ra | F7: =WORKDAY('Tong quan'!$B$11,-1) -> 46325 | G7: =WORKDAY('Tong quan'!$B$11,1) -> 46329 | H7: Chưa làm | I7: Mã có hậu tố tra nguyên văn rồi mới tra mã gốc.
A8: 4 | B8: DM ICD-10 | C8: Không | D8: Bộ Y tế / cổng BHXH | E8: Số dòng | F8: =WORKDAY('Tong quan'!$B$11,-1) -> 46325 | G8: =WORKDAY('Tong quan'!$B$11,1) -> 46329 | H8: Chưa làm
A9: 5 | B9: DM ICD-YHCT | C9: Không | D9: Bộ Y tế / cổng BHXH | E9: Số dòng | F9: =WORKDAY('Tong quan'!$B$11,-1) -> 46325 | G9: =WORKDAY('Tong quan'!$B$11,1) -> 46329 | H9: Chưa làm | I9: Cần nếu BV có khoa YHCT.
A10: 6 | B10: DM Nhân viên y tế | C10: Không | D10: Danh sách NVYT đã khai trên cổng (mã BHXH người hành nghề, CCHN, phạm vi) | E10: NVYT trong hồ sơ mẫu đều có; CCHN còn hiệu lực | F10: =WORKDAY('Tong quan'!$B$11,-1) -> 46325 | G10: =WORKDAY('Tong quan'!$B$11,1) -> 46329 | H10: Chưa làm | I10: Thiếu NVYT sinh lỗi XMLComplete_NVYT_*.
A11: 7 | B11: DM Khoa Phòng Giường | C11: Không | D11: Danh mục khoa/phòng/giường đã khai trên cổng | E11: Mã khoa, mã giường trong hồ sơ mẫu tra ra | F11: =WORKDAY('Tong quan'!$B$11,-1) -> 46325 | G11: =WORKDAY('Tong quan'!$B$11,1) -> 46329 | H11: Chưa làm
A12: 8 | B12: DM Trang thiết bị | C12: Không | D12: Danh mục trang thiết bị (mã máy) đã khai trên cổng | E12: Số dòng | F12: =WORKDAY('Tong quan'!$B$11,-1) -> 46325 | G12: =WORKDAY('Tong quan'!$B$11,1) -> 46329 | H12: Chưa làm
A13: 9 | B13: DM Đơn vị hành chính | C13: Không | D13: Danh mục hành chính bản ký số (danhmuchanhchinh.nso.gov.vn) | E13: Số dòng; mã xã trong hồ sơ mẫu tra ra | F13: =WORKDAY('Tong quan'!$B$11,-1) -> 46325 | G13: =WORKDAY('Tong quan'!$B$11,1) -> 46329 | H13: Chưa làm | I13: Không dùng bản PDF dự thảo — lệch ~120 mã.
A14: 10 | B14: DM Cơ sở KCB | C14: Không | D14: Danh mục cơ sở KCB toàn quốc | E14: Mã nơi ĐKBĐ, nơi chuyển đi/đến trong hồ sơ mẫu tra ra | F14: =WORKDAY('Tong quan'!$B$11,-1) -> 46325 | G14: =WORKDAY('Tong quan'!$B$11,1) -> 46329 | H14: Chưa làm
A15: 11 | B15: DM Nghề nghiệp | C15: Không | D15: Danh mục nghề nghiệp theo QĐ 3176 | E15: Số dòng | F15: =WORKDAY('Tong quan'!$B$11,-1) -> 46325 | G15: =WORKDAY('Tong quan'!$B$11,1) -> 46329 | H15: Chưa làm
A16: 12 | B16: DM DVKT cần mã máy | C16: Không | D16: Danh sách DVKT bắt buộc kèm mã máy | E16: Số dòng | F16: =WORKDAY('Tong quan'!$B$11,-1) -> 46325 | G16: =WORKDAY('Tong quan'!$B$11,1) -> 46329 | H16: Chưa làm
A17: 13 | B17: DM bệnh PL1 TT01 cấp chuyên sâu | C17: Không | D17: Phụ lục 1 Thông tư 01 — bệnh cấp chuyên sâu | E17: Số dòng | F17: =WORKDAY('Tong quan'!$B$11,-1) -> 46325 | G17: =WORKDAY('Tong quan'!$B$11,1) -> 46329 | H17: Chưa làm
B19: Danh mục mã lỗi XML 3176 | D19: Phần mềm tự sinh khi chạy hồ sơ; mã mới chưa có trong danh mục mặc định là Nghiêm trọng. Ngày 2: P. BHYT cùng Công ty duyệt mức Nghiêm trọng/Cảnh báo cho từng mã.

Sheet Cau hinh
A1: CẤU HÌNH CẦN THIẾT LẬP
A2: Giá trị đề xuất cho giai đoạn chạy thử. Cột "Giá trị BV" ghi giá trị thực tế khi cài (trừ mật khẩu). Sau mỗi lần sửa cấu hình: php artisan config:cache rồi queue:restart.
A4: STT | B4: Nhóm | C4: Khoá cấu hình / thành phần | D4: Ý nghĩa | E4: Đề xuất khi chạy thử | F4: Giá trị BV (ghi khi cài) | G4: Trạng thái
A5: 1 | B5: Đơn vị | C5: organization.organization_name / organization_logo | D5: Tên, logo hiển thị trên phần mềm và phiếu in | E5: Bệnh viện Nguyễn Thị Thập | G5: Chưa làm
A6: 2 | B6: Đơn vị | C6: organization.BHYT_CO_SO[mã CSKCB] | D6: Tài khoản cổng theo từng cơ sở (username, password, ho_ten_cb, cccd_cb); chưa khai thì tra thẻ báo lỗi, không dùng tài khoản khác | E6: Khai đủ mọi cơ sở | G6: Chưa làm
A7: 3 | B7: Đơn vị | C7: organization.correct_facility_code | D7: Danh sách mã nơi ĐKBĐ đúng tuyến | E7: Theo P. BHYT | G7: Chưa làm
A8: 4 | B8: Đơn vị | C8: organization.exclude_department | D8: Mã khoa không kiểm chỉ định giường (XML3) | E8: Theo KHTH (mặc định rỗng) | G8: Chưa làm
A9: 5 | B9: Đơn vị | C9: xml3176.drug_exclude_department | D9: Mã khoa không đối chiếu danh mục thuốc | E9: Rỗng | G9: Chưa làm
A10: 6 | B10: Kiểm lỗi | C10: organization.xml_3176_not_check | D10: true = bỏ kiểm tra chéo toàn hồ sơ | E10: false | G10: Chưa làm
A11: 7 | B11: Kiểm lỗi | C11: organization.export_xml_not_check | D11: true = vẫn xuất/ký hồ sơ còn lỗi Nghiêm trọng | E11: false | G11: Chưa làm
A12: 8 | B12: Kiểm lỗi | C12: Danh mục mã lỗi XML 3176 (is_check, critical_error) | D12: Bật/tắt từng mã lỗi; đặt mức Nghiêm trọng/Cảnh báo | E12: Duyệt Ngày 2; chỉ P. BHYT đổi, ghi lý do | G12: Chưa làm
A13: 9 | B13: Thẻ BHYT | C13: organization.BHYT.enableCheck | D13: Tra thẻ BHYT online khi nạp XML1 | E13: true | G13: Chưa làm
A14: 10 | B14: Xuất/ký/gửi | C14: xml3176.export_xml3176_enabled | D14: Tự xuất XML cho hồ sơ hết lỗi Nghiêm trọng | E14: true | G14: Chưa làm
A15: 11 | B15: Xuất/ký/gửi | C15: Ký số (USB Token / HSM) | D15: Chứng thư dùng ký XML trước khi gửi | E15: Bật, ký thử ở Ngày 1 | G15: Chưa làm
A16: 12 | B16: Xuất/ký/gửi | C16: organization.BHYT.submit_xml_3176_enabled | D16: Tự gửi hồ sơ lên cổng BHXH | E16: false — TẮT suốt thời gian chạy thử; chỉ bật khi đánh giá Đạt | G16: Chưa làm
... A27: 23 | B27: Thông báo | C27: Bảng email_receive_report | D27: Người nhận email lỗi thẻ BHYT + lỗi XML 3176 hằng ngày | E27: Lãnh đạo KHTH, P. BHYT, CNTT | G27: Chưa làm

Sheet Trien khai 3 ngay
A1: KẾ HOẠCH TRIỂN KHAI 3 NGÀY (tính từ Ngày N)
A2: Ngày tự tính theo ô Ngày N ở sheet Tong quan.
A4: STT | B4: Ngày | C4: Buổi | D4: Công việc | E4: Công ty | F4: BV phối hợp | G4: Kết quả / tiêu chí xong | H4: Trạng thái | I4: Ghi chú
B5: NGÀY 1 — CÀI ĐẶT HẠ TẦNG
A6: 1 | B6: ='Tong quan'!$B$11 -> 46328 | C6: Sáng | D6: Họp khởi động: thống nhất phạm vi, lịch, đầu mối; rà lại sheet BV chuan bi | E6: Trưởng nhóm TK | F6: Tổ triển khai BV | G6: Biên bản khởi động | H6: Chưa làm
A7: 2 | B7: ='Tong quan'!$B$11 -> 46328 | C7: Sáng | D7: Kiểm tra máy chủ (CPU/RAM/ổ đĩa), cài PHP/MySQL/Redis/web server, cấu hình php.ini | E7: Kỹ sư | F7: CNTT | G7: php -v, mysql, redis chạy; memory_limit ≥ 512M | H7: Chưa làm
A8: 3 | B8: ='Tong quan'!$B$11 -> 46328 | C8: Sáng | D8: Triển khai mã nguồn, tạo .env, php artisan migrate, tạo tài khoản quản trị | E8: Kỹ sư | F8: CNTT | G8: Đăng nhập được giao diện web | H8: Chưa làm
A9: 4 | B9: ='Tong quan'!$B$11 -> 46328 | C9: Chiều | D9: Cài các dịch vụ nền (install_service.bat / nssm), đặt tự khởi động | E9: Kỹ sư | F9: CNTT | G9: Đủ 7 dịch vụ XML 3176 ở trạng thái Running | H9: Chưa làm
A10: 5 | B10: ='Tong quan'!$B$11 -> 46328 | C10: Chiều | D10: Nối thư mục HIS xuất XML; thả 1 tệp thử, kiểm tra nạp và xoá tệp gốc | E10: Kỹ sư | F10: CNTT + NCC HIS | G10: Hồ sơ hiện ở Danh sách hồ sơ | H10: Chưa làm
A11: 6 | B11: ='Tong quan'!$B$11 -> 46328 | C11: Chiều | D11: Khai tài khoản cổng theo cơ sở; lấy token, tra thử 5 thẻ BHYT | E11: Kỹ sư | F11: P. BHYT | G11: Tra thẻ trả kết quả, không lỗi đăng nhập | H11: Chưa làm
A12: 7 | B12: ='Tong quan'!$B$11 -> 46328 | C12: Chiều | D12: Cài driver USB Token/HSM; ký thử 1 tệp XML | E12: Kỹ sư | F12: CNTT | G12: Cột "Ký XML" = Đã ký số | H12: Chưa làm
A13: 8 | B13: ='Tong quan'!$B$11 -> 46328 | C13: Chiều | D13: Truy cập từ máy trạm các khoa, phòng; cấu hình sao lưu | E13: Kỹ sư | F13: CNTT | G13: Mở được phần mềm từ ≥ 3 máy trạm | H13: Chưa làm
B14: NGÀY 2 — DANH MỤC & CẤU HÌNH
A15: 9 | B15: =WORKDAY('Tong quan'!$B$11,1) -> 46329 | C15: Sáng | D15: Nạp 13 bộ danh mục (sheet Danh muc); đối chiếu số dòng với cổng | E15: Kỹ sư | F15: Người phụ trách DM | G15: Đủ 13 bộ, số dòng khớp | H15: Chưa làm
A16: 10 | B16: =WORKDAY('Tong quan'!$B$11,1) -> 46329 | C16: Sáng | D16: Nhập cấu hình đơn vị, khoa loại trừ, mã ĐKBĐ đúng tuyến (sheet Cau hinh) | E16: Kỹ sư | F16: P. BHYT, KHTH | G16: config:cache; queue:restart | H16: Chưa làm
A17: 11 | B17: =WORKDAY('Tong quan'!$B$11,1) -> 46329 | C17: Sáng | D17: Tạo tài khoản người dùng, phân quyền; khai người nhận email báo lỗi | E17: Kỹ sư | F17: P. BHYT | G17: Người dùng đăng nhập được | H17: Chưa làm
A18: 12 | B18: =WORKDAY('Tong quan'!$B$11,1) -> 46329 | C18: Chiều | D18: Nạp bộ hồ sơ mẫu (1 ngày ra viện); chờ hàng đợi về 0 | E18: Kỹ sư | F18: P. BHYT | G18: Mọi hồ sơ mẫu có kết quả kiểm | H18: Chưa làm
A19: 13 | B19: =WORKDAY('Tong quan'!$B$11,1) -> 46329 | C19: Chiều | D19: Rà kết quả kiểm cùng P. BHYT: phân loại lỗi thật / báo nhầm do danh mục, cấu hình | E19: Trưởng nhóm TK | F19: P. BHYT / Giám định | G19: Danh sách báo nhầm + hướng xử lý | H19: Chưa làm
A20: 14 | B20: =WORKDAY('Tong quan'!$B$11,1) -> 46329 | C20: Chiều | D20: Duyệt mức Nghiêm trọng/Cảnh báo cho danh mục mã lỗi; sửa danh mục, nạp lại hồ sơ mẫu | E20: Trưởng nhóm TK | F20: Chủ sở hữu DM mã lỗi | G20: Biên bản duyệt mức lỗi | H20: Chưa làm
A21: 15 | B21: =WORKDAY('Tong quan'!$B$11,1) -> 46329 | C21: Chiều | D21: Đối chiếu hồ sơ mẫu với kết quả giám định thực tế của cổng → số liệu nền | E21: Trưởng nhóm TK | F21: P. BHYT | G21: Bảng đối chiếu ban đầu | H21: Chưa làm
B22: NGÀY 3 — ĐÀO TẠO & ĐƯA VÀO CHẠY THỬ
A23: 16 | B23: =WORKDAY('Tong quan'!$B$11,2) -> 46330 | C23: Sáng | D23: Giới thiệu cho lãnh đạo BV, lãnh đạo KHTH (deck giới thiệu, ~15–30 phút): mục tiêu, cách đánh giá | E23: Trưởng nhóm TK | F23: Ban Giám đốc, KHTH | G23: Lãnh đạo thống nhất tiêu chí đánh giá | H23: Chưa làm
A24: 17 | B24: =WORKDAY('Tong quan'!$B$11,2) -> 46330 | C24: Sáng | D24: Đào tạo sâu P. BHYT / Giám định: danh sách hồ sơ, tab lỗi, danh mục mã lỗi, dashboard, kết quả tra thẻ, xuất Excel | E24: Chuyên viên ĐT | F24: P. BHYT / Giám định | G24: Học viên tự lọc, giao được lỗi | H24: Chưa làm
A25: 18 | B25: =WORKDAY('Tong quan'!$B$11,2) -> 46330 | C25: Sáng | D25: Đào tạo TCKT: tra cứu tiền cùng chi trả, đối chiếu chi phí | E25: Chuyên viên ĐT | F25: P. TCKT | H25: Chưa làm
A26: 19 | B26: =WORKDAY('Tong quan'!$B$11,2) -> 46330 | C26: Chiều | D26: Đào tạo đầu mối các khoa lâm sàng: tra lỗi theo mã điều trị (quét mã vạch), in phiếu lỗi, sửa trên HIS rồi nạp lại | E26: Chuyên viên ĐT | F26: Đầu mối khoa | G26: Mỗi khoa ≥ 1 người dùng được | H26: Chưa làm
A27: 20 | B27: =WORKDAY('Tong quan'!$B$11,2) -> 46330 | C27: Chiều | D27: Đào tạo CNTT vận hành: dịch vụ nền, hàng đợi, ký số, xử lý sự cố, lệnh chạy lại | E27: Kỹ sư | F27: CNTT | G27: CNTT tự khởi động lại dịch vụ | H27: Chưa làm
A28: 21 | B28: =WORKDAY('Tong quan'!$B$11,2) -> 46330 | C28: Chiều | D28: Ban hành Quy trình vận hành XML 3176 (SOP, SLA sửa lỗi 2 ngày làm việc), lịch họp tuần | E28: Trưởng nhóm TK | F28: Lãnh đạo KHTH | G28: Văn bản ban hành | H28: Chưa làm
A29: 22 | B29: =WORKDAY('Tong quan'!$B$11,2) -> 46330 | C29: Chiều | D29: Bật nạp tự động toàn viện; ký biên bản bắt đầu chạy thử (gửi cổng vẫn TẮT) | E29: Trưởng nhóm TK | F29: Tổ triển khai BV | G29: Biên bản bắt đầu chạy thử | H29: Chưa làm

Sheet Chay thu 1 thang
A1: CHẠY THỬ 1 THÁNG — SONG SONG QUY TRÌNH CŨ
A2: Hồ sơ vẫn gửi cổng bằng đường hiện tại; Tiền giám định kiểm trước để BV sửa và để đo. Không bật tự gửi cổng trong giai đoạn này.
A4: STT | B4: Tuần | C4: Từ ngày | D4: Đến ngày | E4: Công việc | F4: Phụ trách | G4: Đầu ra | H4: Trạng thái | I4: Ghi chú
A5: 1 | B5: Tuần 1 | C5: =WORKDAY('Tong quan'!$B$11,3) -> 46331 | D5: =WORKDAY('Tong quan'!$B$11,3)+6 -> 46337 | E5: Theo dõi hằng ngày: hàng đợi, dịch vụ nền, email báo lỗi; xử lý sự cố trong ngày | F5: CNTT + Công ty | G5: Nhật ký sự cố | H5: Chưa làm
A6: 2 | B6: Tuần 1 | C6: =WORKDAY('Tong quan'!$B$11,3) -> 46331 | D6: =WORKDAY('Tong quan'!$B$11,3)+6 -> 46337 | E6: Hiệu chỉnh báo nhầm phát sinh (danh mục, cấu hình, quy tắc) — không tắt mã lỗi để "cho qua" | F6: Công ty + P. BHYT | G6: Danh sách báo nhầm đã xử lý | H6: Chưa làm
A7: 3 | B7: Tuần 1 | C7: =WORKDAY('Tong quan'!$B$11,3) -> 46331 | D7: =WORKDAY('Tong quan'!$B$11,3)+6 -> 46337 | E7: Hỗ trợ tại chỗ/từ xa người dùng; ghi câu hỏi thường gặp | F7: Công ty | G7: Sổ hỗ trợ | H7: Chưa làm
A8: 4 | B8: Tuần 1 | C8: =WORKDAY('Tong quan'!$B$11,3) -> 46331 | D8: =WORKDAY('Tong quan'!$B$11,3)+6 -> 46337 | E8: Đo độ phủ: số hồ sơ HIS xuất / số hồ sơ đã nạp | F8: P. BHYT | G8: Báo cáo tuần 1 | H8: Chưa làm
A9: 5 | B9: Tuần 2 | C9: =WORKDAY('Tong quan'!$B$11,3)+7 -> 46338 | D9: =WORKDAY('Tong quan'!$B$11,3)+13 -> 46344 | E9: Áp dụng SOP: P. BHYT giao lỗi Nghiêm trọng cho khoa hằng sáng; khoa sửa trên HIS, nạp lại (SLA 2 ngày làm việc) | F9: P. BHYT + khoa | G9: Hồ sơ lỗi được xử lý | H9: Chưa làm
A10: 6 | B10: Tuần 2 | C10: =WORKDAY('Tong quan'!$B$11,3)+7 -> 46338 | D10: =WORKDAY('Tong quan'!$B$11,3)+13 -> 46344 | E10: Họp tuần theo Pareto mã lỗi trên Dashboard; đào tạo lại khoa nhiều lỗi | F10: KHTH + P. BHYT | G10: Biên bản họp tuần | H10: Chưa làm
A11: 7 | B11: Tuần 2 | C11: =WORKDAY('Tong quan'!$B$11,3)+7 -> 46338 | D11: =WORKDAY('Tong quan'!$B$11,3)+13 -> 46344 | E11: Rà lại mức Nghiêm trọng/Cảnh báo theo số liệu thật | F11: Chủ sở hữu DM mã lỗi | G11: Nhật ký thay đổi mức lỗi | H11: Chưa làm
A12: 8 | B12: Tuần 3 | C12: =WORKDAY('Tong quan'!$B$11,3)+14 -> 46345 | D12: =WORKDAY('Tong quan'!$B$11,3)+20 -> 46351 | E12: Đối chiếu kết quả cổng BHXH trả về (hồ sơ gửi bằng đường cũ) với lỗi Tiền giám định đã báo trước | F12: P. BHYT + Công ty | G12: Tỷ lệ phát hiện trước | H12: Chưa làm
A13: 9 | B13: Tuần 3 | C13: =WORKDAY('Tong quan'!$B$11,3)+14 -> 46345 | D13: =WORKDAY('Tong quan'!$B$11,3)+20 -> 46351 | E13: Ghi các lỗi cổng trả về mà phần mềm chưa bắt → đề xuất quy tắc mới | F13: P. BHYT → Công ty | G13: Danh sách đề xuất quy tắc | H13: Chưa làm
A14: 10 | B14: Tuần 3 | C14: =WORKDAY('Tong quan'!$B$11,3)+14 -> 46345 | D14: =WORKDAY('Tong quan'!$B$11,3)+20 -> 46351 | E14: Kiểm thử chuỗi xuất → ký số với khối lượng thật (không gửi) | F14: CNTT + Công ty | G14: Tỷ lệ ký thành công | H14: Chưa làm
A15: 11 | B15: Tuần 4 | C15: =WORKDAY('Tong quan'!$B$11,3)+21 -> 46352 | D15: =EDATE(WORKDAY('Tong quan'!$B$11,3),1)-1 -> 46360 | E15: Tổng hợp số liệu các chỉ số ở sheet Danh gia | F15: P. BHYT + Công ty | G15: Số liệu điền vào sheet Danh gia | H15: Chưa làm
A16: 12 | B16: Tuần 4 | C16: =WORKDAY('Tong quan'!$B$11,3)+21 -> 46352 | D16: =EDATE(WORKDAY('Tong quan'!$B$11,3),1)-1 -> 46360 | E16: Khảo sát người dùng (P. BHYT, đầu mối khoa, CNTT) | F16: KHTH | G16: Kết quả khảo sát | H16: Chưa làm
A17: 13 | B17: Tuần 4 | C17: =WORKDAY('Tong quan'!$B$11,3)+21 -> 46352 | D17: =EDATE(WORKDAY('Tong quan'!$B$11,3),1)-1 -> 46360 | E17: Lập báo cáo chạy thử: kết quả, tồn tại, đề xuất (bật gửi cổng / nhân rộng / kéo dài) | F17: Công ty | G17: Báo cáo chạy thử | H17: Chưa làm
E19: Việc hằng ngày trong suốt chạy thử (theo Quy trình vận hành mục 7):
E20: • Sáng — khoa: xử lý lỗi được giao; quét mã vạch tra lỗi hồ sơ trước khi cho ra viện.
E21: • Sáng — P. BHYT: xem hồ sơ có lỗi Nghiêm trọng của các ngày ra viện gần nhất, giao khoa; xem Kết quả tra cứu thẻ (lọc "Chỉ lỗi"), Tra lại thẻ đã sửa.
E22: • Hằng ngày — CNTT: kiểm hàng đợi, bộ quét thư mục, ký số; đọc email báo lỗi.
E23: • Hằng tuần — P. BHYT: đối chiếu số hồ sơ lên cổng với số hồ sơ đã qua Tiền giám định để phát hiện hồ sơ gửi vòng qua.

Sheet Danh gia
A1: ĐÁNH GIÁ KẾT QUẢ CHẠY THỬ — CÓ ĐẠT YÊU CẦU KHÔNG?
A2: Điền cột "Giá trị đo" (ô vàng) cuối tuần 4. Phần trăm nhập dạng số thập phân hoặc có dấu % (95% = 0,95). Ngưỡng là đề xuất của Công ty — chốt cùng lãnh đạo BV ở buổi sáng Ngày 3, sửa trực tiếp ô ngưỡng nếu thống nhất khác.
A4: STT | B4: Nhóm | C4: Chỉ số | D4: Cách đo | E4: So sánh | F4: Ngưỡng đạt | G4: Bắt buộc | H4: Giá trị đo | I4: Kết quả | J4: Căn cứ ngưỡng
A5: 1 | B5: Độ phủ | C5: Hồ sơ BHYT đã qua Tiền giám định | D5: Số hồ sơ đã nạp / số hồ sơ BHYT HIS xuất trong kỳ | E5: >= | F5: 1 | G5: Có | I5: =IF(H5="","Chưa đo",IF(E5=">=",IF(H5>=F5,"Đạt","Không đạt"),IF(H5<=F5,"Đạt","Không đạt"))) -> Chưa đo | J5: Quy trình vận hành mục 8: mục tiêu 100%.
A6: 2 | B6: Hệ thống | C6: Ngày vận hành không gián đoạn | D6: Số ngày không có sự cố dừng nạp/kiểm quá 2 giờ / số ngày chạy thử | E6: >= | F6: 0.95 | G6: Có | I6: =IF(H6="","Chưa đo",IF(E6=">=",IF(H6>=F6,"Đạt","Không đạt"),IF(H6<=F6,"Đạt","Không đạt"))) -> Chưa đo | J6: Đề xuất của Công ty.
A7: 3 | B7: Hệ thống | C7: Thời gian có kết quả kiểm | D7: Thời gian từ khi nạp tới khi hồ sơ có kết quả kiểm (phút, trung vị ngày thường) | E7: <= | F7: 30 | G7: Có | I7: =IF(H7="","Chưa đo",IF(E7=">=",IF(H7>=F7,"Đạt","Không đạt"),IF(H7<=F7,"Đạt","Không đạt"))) -> Chưa đo | J7: Đề xuất của Công ty; đo bằng created_at hồ sơ và lỗi.
A8: 4 | B8: Hệ thống | C8: Tra thẻ BHYT thành công | D8: Lượt tra có phản hồi từ cổng / tổng lượt tra | E8: >= | F8: 0.95 | G8: Không | I8: =IF(H8="","Chưa đo",IF(E8=">=",IF(H8>=F8,"Đạt","Không đạt"),IF(H8<=F8,"Đạt","Không đạt"))) -> Chưa đo | J8: Đề xuất; phụ thuộc cả cổng BHXH.
A9: 5 | B9: Hệ thống | C9: Ký số thành công | D9: Hồ sơ ký thành công / hồ sơ đưa vào ký (tuần 3–4) | E9: >= | F9: 0.99 | G9: Có | I9: =IF(H9="","Chưa đo",IF(E9=">=",IF(H9>=F9,"Đạt","Không đạt"),IF(H9<=F9,"Đạt","Không đạt"))) -> Chưa đo | J9: Đề xuất của Công ty.
A10: 6 | B10: Hệ thống | C10: Sự cố ảnh hưởng HIS hoặc lộ dữ liệu | D10: Số sự cố trong kỳ | E10: <= | F10: 0 | G10: Có | I10: =IF(H10="","Chưa đo",IF(E10=">=",IF(H10>=F10,"Đạt","Không đạt"),IF(H10<=F10,"Đạt","Không đạt"))) -> Chưa đo | J10: Nguyên tắc chỉ đọc HIS, dữ liệu ở lại BV.
A11: 7 | B11: Chính xác | C11: Tỷ lệ báo nhầm | D11: Trên mẫu ≥ 200 lỗi chọn ngẫu nhiên tuần 4: số lỗi P. BHYT xác nhận báo nhầm / số lỗi rà | E11: <= | F11: 0.05 | G11: Có | I11: =IF(H11="","Chưa đo",IF(E11=">=",IF(H11>=F11,"Đạt","Không đạt"),IF(H11<=F11,"Đạt","Không đạt"))) -> Chưa đo | J11: Đề xuất; báo nhầm cao khiến người dùng bỏ qua cảnh báo thật.
A12: 8 | B12: Chính xác | C12: Phát hiện trước lỗi cổng trả về | D12: Số hồ sơ cổng trả về mà Tiền giám định đã báo lỗi trước / số hồ sơ cổng trả về | E12: >= | F12: 0.7 | G12: Có | I12: =IF(H12="","Chưa đo",IF(E12=">=",IF(H12>=F12,"Đạt","Không đạt"),IF(H12<=F12,"Đạt","Không đạt"))) -> Chưa đo | J12: Đề xuất; phần mềm chưa trùng toàn bộ quy tắc BHXH (deck giới thiệu).
A13: 9 | B13: Hiệu quả | C13: Hồ sơ còn lỗi Nghiêm trọng khi gửi | D13: Tỷ lệ hồ sơ còn lỗi Nghiêm trọng tại thời điểm gửi, tuần 4 so với tuần 1 (tuần 4 / tuần 1) | E13: <= | F13: 0.7 | G13: Không | I13: =IF(H13="","Chưa đo",IF(E13=">=",IF(H13>=F13,"Đạt","Không đạt"),IF(H13<=F13,"Đạt","Không đạt"))) -> Chưa đo | J13: Đề xuất: giảm ≥ 30%. Quy trình vận hành mục 8.
A14: 10 | B14: Hiệu quả | C14: Thời gian sửa một hồ sơ lỗi | D14: Từ lúc giao lỗi tới lúc nạp lại hết lỗi Nghiêm trọng (ngày làm việc, trung bình) | E14: <= | F14: 2 | G14: Không | I14: =IF(H14="","Chưa đo",IF(E14=">=",IF(H14>=F14,"Đạt","Không đạt"),IF(H14<=F14,"Đạt","Không đạt"))) -> Chưa đo | J14: SLA 2 ngày làm việc — Quy trình vận hành mục 6, 8.
A15: 11 | B15: Hiệu quả | C15: Tỷ lệ hồ sơ bị cổng trả về | D15: Tỷ lệ trả về tháng chạy thử / tỷ lệ trả về bình quân 3 tháng trước | E15: <= | F15: 0.9 | G15: Không | I15: =IF(H15="","Chưa đo",IF(E15=">=",IF(H15>=F15,"Đạt","Không đạt"),IF(H15<=F15,"Đạt","Không đạt"))) -> Chưa đo | J15: Đề xuất: giảm ≥ 10% so với số liệu nền.
A16: 12 | B16: Con người | C16: Khoa có đầu mối sử dụng được | D16: Số khoa có đầu mối tự tra lỗi, in phiếu lỗi / tổng số khoa có BN BHYT | E16: >= | F16: 0.9 | G16: Không | I16: =IF(H16="","Chưa đo",IF(E16=">=",IF(H16>=F16,"Đạt","Không đạt"),IF(H16<=F16,"Đạt","Không đạt"))) -> Chưa đo | J16: Đề xuất của Công ty.
A17: 13 | B17: Con người | C17: Mức hài lòng người dùng | D17: Điểm khảo sát trung bình (thang 5) | E17: >= | F17: 4 | G17: Không | I17: =IF(H17="","Chưa đo",IF(E17=">=",IF(H17>=F17,"Đạt","Không đạt"),IF(H17<=F17,"Đạt","Không đạt"))) -> Chưa đo | J17: Đề xuất của Công ty.
C19: Chỉ số bắt buộc | D19: =COUNTIF(G5:G17,"Có") -> 7
C20: — đạt | D20: =COUNTIFS(G5:G17,"Có",I5:I17,"Đạt") -> 0
C21: — chưa đo | D21: =COUNTIFS(G5:G17,"Có",I5:I17,"Chưa đo") -> 7
C22: Chỉ số tham khảo | D22: =COUNTIF(G5:G17,"Không") -> 6
C23: — đạt | D23: =COUNTIFS(G5:G17,"Không",I5:I17,"Đạt") -> 0
C24: Tỷ lệ tham khảo tối thiểu phải đạt | D24: 0.6
C26: KẾT LUẬN | D26: =IF(D21>0,"CHƯA ĐỦ SỐ LIỆU — còn "&D21&" chỉ số bắt buộc chưa đo",IF(AND(D20=D19,D23>=D24*D22),"ĐẠT — đề xuất bật gửi cổng có kiểm soát và đưa vào vận hành thường quy","CHƯA ĐẠT — kéo dài chạy thử 2–4 tuần, khắc phục các chỉ số Không đạt")) -> CHƯA ĐỦ SỐ LIỆU — còn 7 chỉ số bắt buộc chưa đo
C28: Quy tắc kết luận: ĐẠT khi mọi chỉ số Bắt buộc đạt VÀ số chỉ số tham khảo đạt ≥ tỷ lệ tối thiểu. Khi Đạt, bật gửi cổng theo từng cơ sở và theo dõi thêm 2 tuần trước khi tắt quy trình cũ.

Sheet Rui ro
A1: RỦI RO & BIỆN PHÁP
A3: STT | B3: Rủi ro | C3: Dấu hiệu | D3: Ảnh hưởng | E3: Biện pháp | F3: Phụ trách
A4: 1 | B4: BV chưa đủ thông tin chuyển giao | C4: Còn mục Bắt buộc ở sheet BV chuan bi | D4: Lùi Ngày N | E4: Rà sheet BV chuan bi hằng tuần trước Ngày N; Ngày N chỉ chốt khi đủ | F4: Tổ TK BV
A5: 2 | B5: Danh mục thiếu/sai hiệu lực | C5: Một mã lỗi danh mục xuất hiện ở hàng loạt hồ sơ | D5: Báo nhầm hàng loạt, người dùng mất tin tưởng | E5: Đối chiếu số dòng với cổng khi nạp; rà Pareto mã lỗi mỗi ngày tuần 1 | F5: Người phụ trách DM
A6: 3 | B6: HIS không xuất đủ hồ sơ | C6: Độ phủ < 100% | D6: Hồ sơ lên cổng không qua kiểm | E6: Đối chiếu số hồ sơ hằng tuần; tắt/bắt buộc mọi đường gửi khác đi qua Tiền giám định | F6: P. BHYT + NCC HIS
A7: 4 | B7: Cấu hình PHP/RAM máy chủ thấp | C7: Nạp/xuất lỗi hết bộ nhớ, quá thời gian | D7: Hồ sơ không được kiểm | E7: Kiểm php.ini Ngày 1 (memory_limit ≥ 512M, max_execution_time ≥ 600) | F7: CNTT
A8: 5 | B8: USB Token bị rút / HSM không phản hồi | C8: Hồ sơ kẹt ở bước ký | D8: Không xuất được XML đã ký | E8: Cố định token vào máy chủ; dùng lệnh xml3176:chay-lai-tu-xuat sau khi khắc phục | F8: CNTT
A9: 6 | B9: Tài khoản cổng sai/hết hạn | C9: Tra thẻ báo lỗi đăng nhập | D9: Không tra được thẻ | E9: Khai đúng tài khoản từng cơ sở; P. BHYT báo khi đổi mật khẩu | F9: P. BHYT
A10: 7 | B10: Nạp lô lớn làm hàng đợi tồn lâu | C10: Hàng đợi JobXml3176 tăng, chậm có kết quả | D10: Kết quả kiểm trễ | E10: Nạp lô ngoài giờ; theo dõi hàng đợi; tăng số worker nếu cần | F10: CNTT + Công ty
A11: 8 | B11: Người dùng bỏ qua cảnh báo | C11: Lỗi giao khoa không được sửa quá SLA | D11: Không cải thiện chỉ số | E11: SOP + SLA trong quy chế; họp tuần theo Pareto; đào tạo lại khoa nhiều lỗi | F11: KHTH
A12: 9 | B12: Tắt mã lỗi để "cho qua" | C12: Danh mục mã lỗi đổi không có lý do | D12: Che lỗi thật | E12: Chỉ P. BHYT đổi mức lỗi, ghi lý do; báo nhầm gửi Công ty sửa quy tắc | F12: P. BHYT
