Workbook

Sheet Vấn đề tồn tại
A1: BẢNG THEO DÕI CÁC VẤN ĐỀ TỒN TẠI — TIỀN GIÁM ĐỊNH BHYT
A2: Cuộc họp ngày:
A3: Ô nền vàng nhạt = ô cần điền. Cột STT tự đánh số; dòng quá hạn chưa xong tự tô đỏ. Xem sheet "Hướng dẫn".
A4: STT | B4: Nhóm | C4: Vấn đề | D4: Mức độ | E4: Ảnh hưởng | F4: Nguyên nhân (giả thuyết) | G4: Hướng xử lý đề xuất | H4: Bên phụ trách | I4: Người phụ trách | J4: Hạn xử lý | K4: Trạng thái | L4: Quyết định tại cuộc họp | M4: Ngày cập nhật | N4: Ghi chú
A5: =IF(C5="","",ROW()-4) | B5: Lỗi HIS | C5: Người trả kết quả PACS/LIS không tồn tại trên danh mục | D5: 1-Khẩn cấp | E5: Hồ sơ không gửi được lên cổng tiếp nhận | F5: Chức năng trả kết quả trên PACS/LIS chưa ổn định | G5: Rà soát để hoàn thiện quy trình trả kết quả trên PACS/LIS | K5: Mới | M5: 46304 | N5: XML4_INFO_ERROR_MA_BS_DOC_KQ_NOT_FOUND: 17.994 hồ sơ (01929: 13.852; 37470: 4.142), vd tài khoản 'vttq2' thay vì mã CCHN. Mã BS đọc KQ để trống: 404 hồ sơ.
A6: =IF(C6="","",ROW()-4) | B6: Lỗi HIS | C6: Kết quả xét nghiệm từ LIS thiếu mã chỉ số và tên chỉ số | D6: 1-Khẩn cấp | E6: Hồ sơ không gửi được lên cổng tiếp nhận | F6: Kết nối LIS → HIS chưa ánh xạ mã/tên chỉ số cho một số xét nghiệm, chủ yếu Tổng phân tích tế bào máu (22.0121.1369) | G6: Rà soát bảng ánh xạ chỉ số trên LIS cho các xét nghiệm bị lỗi | K6: Mới | M6: 46304 | N6: XML4_MA_CHI_SO_EMPTY / TEN_CHI_SO_EMPTY: 29.615 hồ sơ (01929: 23.388; 37470: 6.227); riêng 22.0121.1369: 28.343
A7: =IF(C7="","",ROW()-4) | B7: Lỗi HIS | C7: Người thực hiện DVKT không có trong danh mục NVYT | D7: 1-Khẩn cấp | E7: Hồ sơ không gửi được lên cổng tiếp nhận | F7: Một số mã CCHN chưa có trong danh mục NVYT; có trường hợp ghi tài khoản dùng chung (vd 'CNTT') | G7: Bổ sung NVYT lên danh mục; không cho tài khoản dùng chung thực hiện DVKT | K7: Mới | M7: 46304 | N7: XML3: 13.934 hồ sơ (01929: 12.149; 37470: 1.785); nhiều nhất 012805/BYT-CCHN (4.556), 019754/BYT-CCHN (2.122). XML5: 3.035 hồ sơ
A8: =IF(C8="","",ROW()-4) | B8: Lỗi HIS | C8: DVKT bắt buộc có người thực hiện nhưng để trống | D8: 2-Cao | E8: Hồ sơ không gửi được lên cổng tiếp nhận | F8: HIS không bắt buộc nhập người thực hiện | G8: Cấu hình bắt buộc nhập người thực hiện với các DVKT này | K8: Mới | M8: 46304 | N8: XML3_INFO_ERROR_GROUP_CODE_NGUOI_THUC_HIEN: 8.833 hồ sơ
A9: =IF(C9="","",ROW()-4) | B9: Lỗi HIS | C9: Thời gian thực hiện DVKT dưới 3 phút / ngày thực hiện trùng ngày trả kết quả | D9: 2-Cao | E9: Hồ sơ không gửi được; nguy cơ BHXH xuất toán | F9: Giờ bắt đầu - kết thúc ghi theo thời điểm bấm, không phải thời gian thực (Điện tim, Đường máu mao mạch tại giường…) | G9: Rà soát quy trình ghi nhận giờ thực hiện trên HIS/thiết bị | K9: Mới | M9: 46304 | N9: XML3_EXECUTION_TIME_UNDER_3MIN: 11.975 hồ sơ (Điện tim thường 0–1 phút: 6.590). XML3_NGAY_TH_YL_EQUALS_NGAY_KQ: 11.421
A10: =IF(C10="","",ROW()-4) | B10: Lỗi HIS | C10: Bác sĩ chỉ định đồng thời là người thực hiện DVKT | D10: 2-Cao | E10: Hồ sơ không gửi được lên cổng tiếp nhận | F10: Thói quen ghi nhận hoặc HIS mặc định người thực hiện = người chỉ định | G10: Rà soát danh sách DVKT không cho phép trùng; chỉnh mặc định trên HIS | K10: Mới | M10: 46304 | N10: XML3_SAME_DOCTOR_ORDER_AND_EXECUTE: 7.363 hồ sơ
A11: =IF(C11="","",ROW()-4) | B11: Lỗi HIS | C11: Chồng thời gian thực hiện giữa các DVKT / PTTT trùng người, trùng giờ | D11: 2-Cao | E11: Hồ sơ không gửi được; nguy cơ xuất toán | F11: Giờ thực hiện gán đồng loạt cho nhiều dịch vụ | G11: Rà soát cách gán giờ thực hiện khi chỉ định theo gói | K11: Mới | M11: 46304 | N11: XML3_OVERLAPPING_SERVICE_EXECUTION: 1.424 hồ sơ / 671.980 dòng. XML3_SERVICE_GROUP_PTTT_DUPLICATE: 1.538 hồ sơ
A12: =IF(C12="","",ROW()-4) | B12: Lỗi HIS | C12: Kết quả CLS thiếu giá trị, ngày trả kết quả, mô tả hoặc kết luận | D12: 2-Cao | E12: Hồ sơ không gửi được lên cổng tiếp nhận | F12: PACS/LIS trả kết quả chưa đầy đủ trường thông tin | G12: Rà soát quy trình trả kết quả trên PACS/LIS | K12: Mới | M12: 46304 | N12: XML4_XN_MISSING_VALUE_RESULT: 3.846; NGAY_KQ trống: 2.404; MO_TA trống: 1.669; KET_LUAN trống: 775; giá trị > 50 ký tự: 1.544
A13: =IF(C13="","",ROW()-4) | B13: Lỗi HIS | C13: Ngày trả kết quả nằm ngoài thời gian điều trị / ngày KQ XML4 khác XML3 | D13: 3-Trung bình | E13: Một phần chặn gửi; nguy cơ xuất toán | F13: Sai giờ hệ thống hoặc trả kết quả sau ra viện | G13: Rà soát các ca trả kết quả sau ngày ra viện | K13: Mới | M13: 46304 | N13: XML3_INVALID_NGAY_KQ: 1.722 (không chặn); NGAY_KQ_GREATER_NGAY_RA: 164; XML4 ≠ XML3: 393
A14: =IF(C14="","",ROW()-4) | B14: Lỗi HIS | C14: Tóm tắt kết quả / phương pháp điều trị ghi quá ngắn hoặc để trống (giấy ra viện, chuyển tuyến) | D14: 2-Cao | E14: Hồ sơ không gửi được lên cổng tiếp nhận | F14: Bác sĩ ghi tắt kiểu "xem hs BA" | G14: Yêu cầu ghi đủ nội dung; HIS bắt buộc nhập | K14: Mới | M14: 46304 | N14: XML8_TOMTAT_KQ_TOO_SHORT: 5.889; PP_DIEUTRI trống: XML7 723, XML8 720
A15: =IF(C15="","",ROW()-4) | B15: Lỗi HIS | C15: Diễn biến lâm sàng sao chép trùng giữa các ngày | D15: 3-Trung bình | E15: Hồ sơ không gửi được lên cổng tiếp nhận | F15: Sao chép diễn biến ngày trước | G15: Nhắc khoa lâm sàng; rà soát mẫu bệnh án | K15: Mới | M15: 46304 | N15: XML5_DIEN_BIEN_DUPLICATE: 1.568 hồ sơ
A16: =IF(C16="","",ROW()-4) | B16: Lỗi HIS | C16: Liều dùng thuốc sai định dạng hoặc sai đơn vị | D16: 3-Trung bình | E16: Hồ sơ không gửi được lên cổng tiếp nhận | F16: Kê đơn nhập liều dạng tự do | G16: Chuẩn hoá mẫu liều dùng trên HIS | K16: Mới | M16: 46304 | N16: XML2_LIEU_DUNG_UNIT_INVALID: 3.207; LIEU_DUNG_INVALID_FORMAT: 1.672
... A29: =IF(C29="","",ROW()-4) | B29: Kiểm lỗi / Danh mục | C29: Mã tỉnh / xã cư trú không có trong danh mục | D29: 3-Trung bình | E29: Hồ sơ không gửi được lên cổng tiếp nhận | F29: Mã tỉnh cũ trước sáp nhập (24, 15, 44…) | G29: Kiểm lại sau khi đã sửa danh mục hành chính ngày 24/09; nếu còn thì HIS phải chuyển mã mới | K29: Mới | M29: 46304 | N29: Mã tỉnh: 1.080 hồ sơ (mã 24: 801); mã xã: 1.111
A30: =IF(C30="","",ROW()-4)
A31: =IF(C31="","",ROW()-4)
A32: =IF(C32="","",ROW()-4)
A33: =IF(C33="","",ROW()-4)
A34: =IF(C34="","",ROW()-4)
A35: =IF(C35="","",ROW()-4)
A36: =IF(C36="","",ROW()-4)
A37: =IF(C37="","",ROW()-4)
A38: =IF(C38="","",ROW()-4)
A39: =IF(C39="","",ROW()-4)
A40: =IF(C40="","",ROW()-4)
A41: =IF(C41="","",ROW()-4)
... A54: =IF(C54="","",ROW()-4)

Sheet Tổng hợp
A1: TỔNG HỢP TỰ ĐỘNG (không cần điền)
A3: Tổng số vấn đề | B3: =COUNTIF('Vấn đề tồn tại'!$C$5:$C$54,"?*")
A4: Quá hạn chưa xong | B4: =SUMPRODUCT(('Vấn đề tồn tại'!$J$5:$J$54<>"")*('Vấn đề tồn tại'!$J$5:$J$54<TODAY())*('Vấn đề tồn tại'!$K$5:$K$54<>"Đã xong")*('Vấn đề tồn tại'!$K$5:$K$54<>"Huỷ"))
A5: Tỷ lệ đã xong | B5: =IF(B3=0,0,COUNTIF('Vấn đề tồn tại'!$K$5:$K$54,"Đã xong")/B3)
A7: Mức độ \ Trạng thái | B7: Mới | C7: Đang xử lý | D7: Chờ quyết định | E7: Tạm dừng | F7: Đã xong | G7: Huỷ | H7: Tổng
A8: 1-Khẩn cấp | B8: =COUNTIFS('Vấn đề tồn tại'!$D$5:$D$54,$A8,'Vấn đề tồn tại'!$K$5:$K$54,B$7) | C8: =COUNTIFS('Vấn đề tồn tại'!$D$5:$D$54,$A8,'Vấn đề tồn tại'!$K$5:$K$54,C$7) | D8: =COUNTIFS('Vấn đề tồn tại'!$D$5:$D$54,$A8,'Vấn đề tồn tại'!$K$5:$K$54,D$7) | E8: =COUNTIFS('Vấn đề tồn tại'!$D$5:$D$54,$A8,'Vấn đề tồn tại'!$K$5:$K$54,E$7) | F8: =COUNTIFS('Vấn đề tồn tại'!$D$5:$D$54,$A8,'Vấn đề tồn tại'!$K$5:$K$54,F$7) | G8: =COUNTIFS('Vấn đề tồn tại'!$D$5:$D$54,$A8,'Vấn đề tồn tại'!$K$5:$K$54,G$7) | H8: =SUM(B8:G8)
A9: 2-Cao | B9: =COUNTIFS('Vấn đề tồn tại'!$D$5:$D$54,$A9,'Vấn đề tồn tại'!$K$5:$K$54,B$7) | C9: =COUNTIFS('Vấn đề tồn tại'!$D$5:$D$54,$A9,'Vấn đề tồn tại'!$K$5:$K$54,C$7) | D9: =COUNTIFS('Vấn đề tồn tại'!$D$5:$D$54,$A9,'Vấn đề tồn tại'!$K$5:$K$54,D$7) | E9: =COUNTIFS('Vấn đề tồn tại'!$D$5:$D$54,$A9,'Vấn đề tồn tại'!$K$5:$K$54,E$7) | F9: =COUNTIFS('Vấn đề tồn tại'!$D$5:$D$54,$A9,'Vấn đề tồn tại'!$K$5:$K$54,F$7) | G9: =COUNTIFS('Vấn đề tồn tại'!$D$5:$D$54,$A9,'Vấn đề tồn tại'!$K$5:$K$54,G$7) | H9: =SUM(B9:G9)
A10: 3-Trung bình | B10: =COUNTIFS('Vấn đề tồn tại'!$D$5:$D$54,$A10,'Vấn đề tồn tại'!$K$5:$K$54,B$7) | C10: =COUNTIFS('Vấn đề tồn tại'!$D$5:$D$54,$A10,'Vấn đề tồn tại'!$K$5:$K$54,C$7) | D10: =COUNTIFS('Vấn đề tồn tại'!$D$5:$D$54,$A10,'Vấn đề tồn tại'!$K$5:$K$54,D$7) | E10: =COUNTIFS('Vấn đề tồn tại'!$D$5:$D$54,$A10,'Vấn đề tồn tại'!$K$5:$K$54,E$7) | F10: =COUNTIFS('Vấn đề tồn tại'!$D$5:$D$54,$A10,'Vấn đề tồn tại'!$K$5:$K$54,F$7) | G10: =COUNTIFS('Vấn đề tồn tại'!$D$5:$D$54,$A10,'Vấn đề tồn tại'!$K$5:$K$54,G$7) | H10: =SUM(B10:G10)
A11: 4-Thấp | B11: =COUNTIFS('Vấn đề tồn tại'!$D$5:$D$54,$A11,'Vấn đề tồn tại'!$K$5:$K$54,B$7) | C11: =COUNTIFS('Vấn đề tồn tại'!$D$5:$D$54,$A11,'Vấn đề tồn tại'!$K$5:$K$54,C$7) | D11: =COUNTIFS('Vấn đề tồn tại'!$D$5:$D$54,$A11,'Vấn đề tồn tại'!$K$5:$K$54,D$7) | E11: =COUNTIFS('Vấn đề tồn tại'!$D$5:$D$54,$A11,'Vấn đề tồn tại'!$K$5:$K$54,E$7) | F11: =COUNTIFS('Vấn đề tồn tại'!$D$5:$D$54,$A11,'Vấn đề tồn tại'!$K$5:$K$54,F$7) | G11: =COUNTIFS('Vấn đề tồn tại'!$D$5:$D$54,$A11,'Vấn đề tồn tại'!$K$5:$K$54,G$7) | H11: =SUM(B11:G11)
A12: Tổng | B12: =SUM(B8:B11) | C12: =SUM(C8:C11) | D12: =SUM(D8:D11) | E12: =SUM(E8:E11) | F12: =SUM(F8:F11) | G12: =SUM(G8:G11) | H12: =SUM(H8:H11)
A14: Nhóm | B14: Tổng | C14: Chưa xong | D14: Khẩn cấp + Cao chưa xong
A15: =IF('Danh mục'!A2="","",'Danh mục'!A2) | B15: =IF($A15="","",COUNTIF('Vấn đề tồn tại'!$B$5:$B$54,$A15)) | C15: =IF($A15="","",B15-COUNTIFS('Vấn đề tồn tại'!$B$5:$B$54,$A15,'Vấn đề tồn tại'!$K$5:$K$54,"Đã xong")-COUNTIFS('Vấn đề tồn tại'!$B$5:$B$54,$A15,'Vấn đề tồn tại'!$K$5:$K$54,"Huỷ")) | D15: =IF($A15="","",SUMPRODUCT(('Vấn đề tồn tại'!$B$5:$B$54=$A15)*((('Vấn đề tồn tại'!$D$5:$D$54="1-Khẩn cấp")+('Vấn đề tồn tại'!$D$5:$D$54="2-Cao"))>0)*('Vấn đề tồn tại'!$K$5:$K$54<>"Đã xong")*('Vấn đề tồn tại'!$K$5:$K$54<>"Huỷ")))
A16: =IF('Danh mục'!A3="","",'Danh mục'!A3) | B16: =IF($A16="","",COUNTIF('Vấn đề tồn tại'!$B$5:$B$54,$A16)) | C16: =IF($A16="","",B16-COUNTIFS('Vấn đề tồn tại'!$B$5:$B$54,$A16,'Vấn đề tồn tại'!$K$5:$K$54,"Đã xong")-COUNTIFS('Vấn đề tồn tại'!$B$5:$B$54,$A16,'Vấn đề tồn tại'!$K$5:$K$54,"Huỷ")) | D16: =IF($A16="","",SUMPRODUCT(('Vấn đề tồn tại'!$B$5:$B$54=$A16)*((('Vấn đề tồn tại'!$D$5:$D$54="1-Khẩn cấp")+('Vấn đề tồn tại'!$D$5:$D$54="2-Cao"))>0)*('Vấn đề tồn tại'!$K$5:$K$54<>"Đã xong")*('Vấn đề tồn tại'!$K$5:$K$54<>"Huỷ")))
A17: =IF('Danh mục'!A4="","",'Danh mục'!A4) | B17: =IF($A17="","",COUNTIF('Vấn đề tồn tại'!$B$5:$B$54,$A17)) | C17: =IF($A17="","",B17-COUNTIFS('Vấn đề tồn tại'!$B$5:$B$54,$A17,'Vấn đề tồn tại'!$K$5:$K$54,"Đã xong")-COUNTIFS('Vấn đề tồn tại'!$B$5:$B$54,$A17,'Vấn đề tồn tại'!$K$5:$K$54,"Huỷ")) | D17: =IF($A17="","",SUMPRODUCT(('Vấn đề tồn tại'!$B$5:$B$54=$A17)*((('Vấn đề tồn tại'!$D$5:$D$54="1-Khẩn cấp")+('Vấn đề tồn tại'!$D$5:$D$54="2-Cao"))>0)*('Vấn đề tồn tại'!$K$5:$K$54<>"Đã xong")*('Vấn đề tồn tại'!$K$5:$K$54<>"Huỷ")))
A18: =IF('Danh mục'!A5="","",'Danh mục'!A5) | B18: =IF($A18="","",COUNTIF('Vấn đề tồn tại'!$B$5:$B$54,$A18)) | C18: =IF($A18="","",B18-COUNTIFS('Vấn đề tồn tại'!$B$5:$B$54,$A18,'Vấn đề tồn tại'!$K$5:$K$54,"Đã xong")-COUNTIFS('Vấn đề tồn tại'!$B$5:$B$54,$A18,'Vấn đề tồn tại'!$K$5:$K$54,"Huỷ")) | D18: =IF($A18="","",SUMPRODUCT(('Vấn đề tồn tại'!$B$5:$B$54=$A18)*((('Vấn đề tồn tại'!$D$5:$D$54="1-Khẩn cấp")+('Vấn đề tồn tại'!$D$5:$D$54="2-Cao"))>0)*('Vấn đề tồn tại'!$K$5:$K$54<>"Đã xong")*('Vấn đề tồn tại'!$K$5:$K$54<>"Huỷ")))
A19: =IF('Danh mục'!A6="","",'Danh mục'!A6) | B19: =IF($A19="","",COUNTIF('Vấn đề tồn tại'!$B$5:$B$54,$A19)) | C19: =IF($A19="","",B19-COUNTIFS('Vấn đề tồn tại'!$B$5:$B$54,$A19,'Vấn đề tồn tại'!$K$5:$K$54,"Đã xong")-COUNTIFS('Vấn đề tồn tại'!$B$5:$B$54,$A19,'Vấn đề tồn tại'!$K$5:$K$54,"Huỷ")) | D19: =IF($A19="","",SUMPRODUCT(('Vấn đề tồn tại'!$B$5:$B$54=$A19)*((('Vấn đề tồn tại'!$D$5:$D$54="1-Khẩn cấp")+('Vấn đề tồn tại'!$D$5:$D$54="2-Cao"))>0)*('Vấn đề tồn tại'!$K$5:$K$54<>"Đã xong")*('Vấn đề tồn tại'!$K$5:$K$54<>"Huỷ")))
A20: =IF('Danh mục'!A7="","",'Danh mục'!A7) | B20: =IF($A20="","",COUNTIF('Vấn đề tồn tại'!$B$5:$B$54,$A20)) | C20: =IF($A20="","",B20-COUNTIFS('Vấn đề tồn tại'!$B$5:$B$54,$A20,'Vấn đề tồn tại'!$K$5:$K$54,"Đã xong")-COUNTIFS('Vấn đề tồn tại'!$B$5:$B$54,$A20,'Vấn đề tồn tại'!$K$5:$K$54,"Huỷ")) | D20: =IF($A20="","",SUMPRODUCT(('Vấn đề tồn tại'!$B$5:$B$54=$A20)*((('Vấn đề tồn tại'!$D$5:$D$54="1-Khẩn cấp")+('Vấn đề tồn tại'!$D$5:$D$54="2-Cao"))>0)*('Vấn đề tồn tại'!$K$5:$K$54<>"Đã xong")*('Vấn đề tồn tại'!$K$5:$K$54<>"Huỷ")))
A21: =IF('Danh mục'!A8="","",'Danh mục'!A8) | B21: =IF($A21="","",COUNTIF('Vấn đề tồn tại'!$B$5:$B$54,$A21)) | C21: =IF($A21="","",B21-COUNTIFS('Vấn đề tồn tại'!$B$5:$B$54,$A21,'Vấn đề tồn tại'!$K$5:$K$54,"Đã xong")-COUNTIFS('Vấn đề tồn tại'!$B$5:$B$54,$A21,'Vấn đề tồn tại'!$K$5:$K$54,"Huỷ")) | D21: =IF($A21="","",SUMPRODUCT(('Vấn đề tồn tại'!$B$5:$B$54=$A21)*((('Vấn đề tồn tại'!$D$5:$D$54="1-Khẩn cấp")+('Vấn đề tồn tại'!$D$5:$D$54="2-Cao"))>0)*('Vấn đề tồn tại'!$K$5:$K$54<>"Đã xong")*('Vấn đề tồn tại'!$K$5:$K$54<>"Huỷ")))
A22: =IF('Danh mục'!A9="","",'Danh mục'!A9) | B22: =IF($A22="","",COUNTIF('Vấn đề tồn tại'!$B$5:$B$54,$A22)) | C22: =IF($A22="","",B22-COUNTIFS('Vấn đề tồn tại'!$B$5:$B$54,$A22,'Vấn đề tồn tại'!$K$5:$K$54,"Đã xong")-COUNTIFS('Vấn đề tồn tại'!$B$5:$B$54,$A22,'Vấn đề tồn tại'!$K$5:$K$54,"Huỷ")) | D22: =IF($A22="","",SUMPRODUCT(('Vấn đề tồn tại'!$B$5:$B$54=$A22)*((('Vấn đề tồn tại'!$D$5:$D$54="1-Khẩn cấp")+('Vấn đề tồn tại'!$D$5:$D$54="2-Cao"))>0)*('Vấn đề tồn tại'!$K$5:$K$54<>"Đã xong")*('Vấn đề tồn tại'!$K$5:$K$54<>"Huỷ")))
A23: =IF('Danh mục'!A10="","",'Danh mục'!A10) | B23: =IF($A23="","",COUNTIF('Vấn đề tồn tại'!$B$5:$B$54,$A23)) | C23: =IF($A23="","",B23-COUNTIFS('Vấn đề tồn tại'!$B$5:$B$54,$A23,'Vấn đề tồn tại'!$K$5:$K$54,"Đã xong")-COUNTIFS('Vấn đề tồn tại'!$B$5:$B$54,$A23,'Vấn đề tồn tại'!$K$5:$K$54,"Huỷ")) | D23: =IF($A23="","",SUMPRODUCT(('Vấn đề tồn tại'!$B$5:$B$54=$A23)*((('Vấn đề tồn tại'!$D$5:$D$54="1-Khẩn cấp")+('Vấn đề tồn tại'!$D$5:$D$54="2-Cao"))>0)*('Vấn đề tồn tại'!$K$5:$K$54<>"Đã xong")*('Vấn đề tồn tại'!$K$5:$K$54<>"Huỷ")))
A24: =IF('Danh mục'!A11="","",'Danh mục'!A11) | B24: =IF($A24="","",COUNTIF('Vấn đề tồn tại'!$B$5:$B$54,$A24)) | C24: =IF($A24="","",B24-COUNTIFS('Vấn đề tồn tại'!$B$5:$B$54,$A24,'Vấn đề tồn tại'!$K$5:$K$54,"Đã xong")-COUNTIFS('Vấn đề tồn tại'!$B$5:$B$54,$A24,'Vấn đề tồn tại'!$K$5:$K$54,"Huỷ")) | D24: =IF($A24="","",SUMPRODUCT(('Vấn đề tồn tại'!$B$5:$B$54=$A24)*((('Vấn đề tồn tại'!$D$5:$D$54="1-Khẩn cấp")+('Vấn đề tồn tại'!$D$5:$D$54="2-Cao"))>0)*('Vấn đề tồn tại'!$K$5:$K$54<>"Đã xong")*('Vấn đề tồn tại'!$K$5:$K$54<>"Huỷ")))
A25: =IF('Danh mục'!A12="","",'Danh mục'!A12) | B25: =IF($A25="","",COUNTIF('Vấn đề tồn tại'!$B$5:$B$54,$A25)) | C25: =IF($A25="","",B25-COUNTIFS('Vấn đề tồn tại'!$B$5:$B$54,$A25,'Vấn đề tồn tại'!$K$5:$K$54,"Đã xong")-COUNTIFS('Vấn đề tồn tại'!$B$5:$B$54,$A25,'Vấn đề tồn tại'!$K$5:$K$54,"Huỷ")) | D25: =IF($A25="","",SUMPRODUCT(('Vấn đề tồn tại'!$B$5:$B$54=$A25)*((('Vấn đề tồn tại'!$D$5:$D$54="1-Khẩn cấp")+('Vấn đề tồn tại'!$D$5:$D$54="2-Cao"))>0)*('Vấn đề tồn tại'!$K$5:$K$54<>"Đã xong")*('Vấn đề tồn tại'!$K$5:$K$54<>"Huỷ")))
A26: =IF('Danh mục'!A13="","",'Danh mục'!A13) | B26: =IF($A26="","",COUNTIF('Vấn đề tồn tại'!$B$5:$B$54,$A26)) | C26: =IF($A26="","",B26-COUNTIFS('Vấn đề tồn tại'!$B$5:$B$54,$A26,'Vấn đề tồn tại'!$K$5:$K$54,"Đã xong")-COUNTIFS('Vấn đề tồn tại'!$B$5:$B$54,$A26,'Vấn đề tồn tại'!$K$5:$K$54,"Huỷ")) | D26: =IF($A26="","",SUMPRODUCT(('Vấn đề tồn tại'!$B$5:$B$54=$A26)*((('Vấn đề tồn tại'!$D$5:$D$54="1-Khẩn cấp")+('Vấn đề tồn tại'!$D$5:$D$54="2-Cao"))>0)*('Vấn đề tồn tại'!$K$5:$K$54<>"Đã xong")*('Vấn đề tồn tại'!$K$5:$K$54<>"Huỷ")))
... A29: =IF('Danh mục'!A16="","",'Danh mục'!A16) | B29: =IF($A29="","",COUNTIF('Vấn đề tồn tại'!$B$5:$B$54,$A29)) | C29: =IF($A29="","",B29-COUNTIFS('Vấn đề tồn tại'!$B$5:$B$54,$A29,'Vấn đề tồn tại'!$K$5:$K$54,"Đã xong")-COUNTIFS('Vấn đề tồn tại'!$B$5:$B$54,$A29,'Vấn đề tồn tại'!$K$5:$K$54,"Huỷ")) | D29: =IF($A29="","",SUMPRODUCT(('Vấn đề tồn tại'!$B$5:$B$54=$A29)*((('Vấn đề tồn tại'!$D$5:$D$54="1-Khẩn cấp")+('Vấn đề tồn tại'!$D$5:$D$54="2-Cao"))>0)*('Vấn đề tồn tại'!$K$5:$K$54<>"Đã xong")*('Vấn đề tồn tại'!$K$5:$K$54<>"Huỷ")))

Sheet Danh mục
A1: Nhóm | B1: Mức độ | C1: Trạng thái | D1: Bên phụ trách | F1: Có thể sửa / thêm giá trị trong các cột trên (chữ xanh, tối đa tới dòng 30) — ô chọn ở sheet chính tự cập nhật.
A2: Gửi cổng BHXH | B2: 1-Khẩn cấp | C2: Mới | D2: CNTT
A3: Kiểm lỗi / Danh mục | B3: 2-Cao | C3: Đang xử lý | D3: Phòng KHTH
A4: Kiểm y lệnh | B4: 3-Trung bình | C4: Chờ quyết định | D4: Phòng Tài chính
A5: Hạ tầng / Mạng | B5: 4-Thấp | C5: Tạm dừng | D5: Khoa Dược
A6: Nghiệm thu | C6: Đã xong | D6: Phòng VTYT
A7: Nghiệp vụ / Quy định | C7: Huỷ | D7: Công ty phần mềm
A8: Phần mềm | D8: Ban Giám đốc
A9: Lỗi HIS
A10: Khác | D10: BHXH

Sheet Hướng dẫn
A1: HƯỚNG DẪN SỬ DỤNG
A2: 1. Điền ở sheet "Vấn đề tồn tại". Ô nền vàng nhạt, chữ xanh là ô nhập; cột STT tự đánh số khi cột "Vấn đề" có nội dung.
A3: 2. Các cột Nhóm, Mức độ, Bên phụ trách, Trạng thái có ô chọn. Muốn thêm giá trị, sửa ở sheet "Danh mục".
A4: 3. Ngày nhập dạng dd/mm/yyyy. Dòng có "Hạn xử lý" đã qua mà chưa "Đã xong"/"Huỷ" tự tô đỏ; dòng đã xong tô xanh, chữ xám.
A5: 4. Sheet "Tổng hợp" tự đếm theo mức độ, trạng thái, nhóm — không cần điền.
A6: 5. Dùng nút lọc ở dòng tiêu đề để xem theo nhóm, trạng thái, người phụ trách. Bảng in vừa khổ A3 ngang.
A7: 6. Ghi chú các dòng rà soát ngày 09/10/2026 là số hồ sơ có lỗi (nạp từ 01/09/2026), truy vấn chỉ đọc trên CSDL thật; bảng lỗi chỉ giữ lần kiểm mới nhất.
A9: Ý nghĩa mức độ:
A10: 1-Khẩn cấp: đang làm dừng nghiệp vụ / ảnh hưởng thanh toán — xử lý ngay.
A11: 2-Cao: ảnh hưởng rộng, cần xử lý trong tuần.
A12: 3-Trung bình: cần kế hoạch, xử lý trong tháng.
A13: 4-Thấp: tồn đọng nhỏ, làm khi có thời gian.
